i,Границы,$n_i$,$p_i$,$np_i$,$n_i - np_i$,$\frac{(n_i -np_i)^2}{np_i}$
1,(-inf; -0.30078194813269477],28,0.3817903873280961,38.17903873280961,-10.179038732809609,2.7138669008708525
2,(-0.30078194813269477; 0.19921805186730523],7,0.1971635231265395,19.71635231265395,-12.71635231265395,8.20159903694543
3,(0.19921805186730523; 0.6992180518673052],14,0.1788382041309614,17.883820413096142,-3.8838204130961422,0.8434473536838013
4,(0.6992180518673052; 1.1992180518673052],11,0.12698630052259374,12.698630052259375,-1.6986300522593751,0.22721695510180795
5,(1.1992180518673052; 1.6992180518673052],14,0.07058253173887241,7.058253173887241,6.941746826112759,6.827163578677318
6,(1.6992180518673052; inf],26,0.044639053152936814,4.463905315293681,21.53609468470632,103.90080915910335
$\sum$,--,100,1.0,100.0,0.00,122.71410298438255
