i,Границы,$n_i$,$p_i$,$np_i$,$n_i - np_i$,$\frac{(n_i -np_i)^2}{np_i}$
1,(-inf; -0.9599473765268614],14,0.16854085020055498,16.8540850200555,-2.8540850200555,0.48331317256392836
2,(-0.9599473765268614; -0.45994737652686135],19,0.15423614633196114,15.423614633196115,3.576385366803885,0.8292824085710755
3,(-0.45994737652686135; 0.04005262347313865],14,0.1931974172383375,19.31974172383375,-5.319741723833751,1.4648048826339066
4,(0.04005262347313865; 0.5400526234731386],22,0.1894452152764612,18.944521527646117,3.055478472353883,0.49280467080648527
5,(0.5400526234731386; 1.0400526234731386],17,0.14542264456238596,14.542264456238597,2.4577355437614035,0.4153729992495644
6,(1.0400526234731386; inf],14,0.14915772639029923,14.915772639029923,-0.9157726390299228,0.056225014063392954
$\sum$,--,100,1.0,100.0,0.00,3.7418031478883536
